FID	x_target	y_target
274	39.8906622	116.6389937
289	39.9524117	116.3290209
22288	39.902648	116.6311728
34133	39.9475331	116.421081
34345	39.9563392	116.3473751
